job_title,publish,company,city,description,link,website,date,search_title
,vor 2 Tagen,simplicity networks GmbH,"Aachen, Berlin, Bremen, Dortmund, Dresden, Essen, Hamburg, Hannover, Jena, Paderborn, Potsdam",,,stepstone,2023-03-03,Business_Analyst
,vor 3 Tagen,AUGUST STORCK KG,Oelde,,,stepstone,2023-03-03,Business_Analyst
,vor 3 Tagen,AUGUST STORCK KG,Halle (Westfalen),,,stepstone,2023-03-03,Business_Analyst
,vor 6 Tagen,Hermes Einrichtungs Service GmbH & Co. KG,Halle (Westfalen),,,stepstone,2023-03-03,Business_Analyst
,vor 1 Woche,Arvato Systems Digital GmbH,Löhne,,,stepstone,2023-03-03,Business_Analyst
,vor 3 Tagen,Arvato Systems GmbH,"Gütersloh, Köln, Rheda-Wiedenbrück, Hamburg, München, Leipzig, Berlin, Rostock oder Wilhelmshaven",,,stepstone,2023-03-03,Business_Analyst
,vor 3 Tagen,Weidmüller Gruppe,"Gütersloh, Köln, Rheda-Wiedenbrück, Hamburg, München oder Berlin",,,stepstone,2023-03-03,Business_Analyst
,vor 1 Woche,Gilbarco GmbH,Detmold,,,stepstone,2023-03-03,Business_Analyst
,vor 6 Tagen,BI Bertelsmann Investments,Salzkotten bei Paderborn,,,stepstone,2023-03-03,Business_Analyst
,vor 3 Tagen,IU Internationale Hochschule,"Gütersloh, Mobile Office",,,stepstone,2023-03-03,Business_Analyst
,vor 2 Wochen,IU Internationale Hochschule,"Home-Office (bundesweit), Augsburg, Berlin, Bielefeld, Braunschweig, Bremen, Dortmund, Dresden,",,,stepstone,2023-03-03,Business_Analyst
,vor 2 Wochen,Miele & Cie. KG,"Berlin, Dortmund, Hamburg, Köln, Augsburg, Bielefeld, Dresden, Duisburg, Düsseldorf, Essen, Home-Off",,,stepstone,2023-03-03,Business_Analyst
,vor 8 Stunden,GOLDBECK GmbH,Gütersloh,,,stepstone,2023-03-03,Business_Analyst
,vor 2 Wochen,beauty alliance Deutschland GmbH & Co. KG,"Bielefeld, Treuen",,,stepstone,2023-03-03,Business_Analyst
,vor 1 Woche,GOLDBECK GmbH,Bielefeld,,,stepstone,2023-03-03,Business_Analyst
,vor 1 Tag,"Goodrich Lighting Systems GmbH & Co. KG, a part of Collins Aerospace",Bielefeld,,,stepstone,2023-03-03,Business_Analyst
,vor 6 Tagen,GEA Westfalia Separator Group GmbH,Lippstadt,,,stepstone,2023-03-03,Business_Analyst
,vor 1 Tag,adesso SE,"Düsseldorf, Oelde, Boenen",,,stepstone,2023-03-03,Business_Analyst
,vor 1 Woche,OEDIV Oetker Daten- und Informationsverarbeitung KG,"Aachen, Köln, Essen, Düsseldorf, Paderborn, Dortmund, Münster, Frankfurt, Bonn, Siegen",,,stepstone,2023-03-03,Business_Analyst
,vor 2 Wochen,Miele & Cie. KG,"Bielefeld, Rostock, Augsburg, Oldenburg, Berlin, Frankfurt am Main, Köln",,,stepstone,2023-03-03,Business_Analyst
,vor 1 Woche,adesso SE,Gütersloh,,,stepstone,2023-03-03,Business_Analyst
,vor 1 Woche,HELLA Gruppe,"Aachen, Bonn, Dortmund, Düsseldorf, Essen, Frankfurt am Main, Köln, Münster, Paderborn, Siegen",,,stepstone,2023-03-03,Business_Analyst
,vor 1 Woche,GEBR. BRASSELER GmbH & Co. KG,Lippstadt,,,stepstone,2023-03-03,Business_Analyst
,vor 1 Woche,Amadeus FiRe AG,Lemgo,,,stepstone,2023-03-03,Business_Analyst
,vor 6 Tagen,,Raum Bielefeld,,,stepstone,2023-03-03,Business_Analyst
